defect_date,defect_type,defect_location,severity,inspection_method,repair_cost
2024-03-29 17:57:37,Structural,Surface,Minor,Visual Inspection,358.87
2024-01-12 12:42:41,Functional,Internal,Minor,Manual Testing,930.83
2024-05-11 02:10:37,Functional,Internal,Minor,Manual Testing,1120.2
2024-09-16 08:04:57,Structural,Surface,Minor,Visual Inspection,296.22
2025-05-02 03:52:38,Functional,Internal,Minor,Manual Testing,511.52
2024-11-15 05:11:36,Structural,Surface,Critical,Manual Testing,357.15
2026-02-28 17:49:29,Structural,Surface,Minor,Visual Inspection,281.69
2025-09-17 21:57:17,Functional,Internal,Minor,Manual Testing,614.48
2024-03-05 13:44:39,Structural,Surface,Critical,Manual Testing,275.79
2024-06-27 11:37:20,Functional,Internal,Minor,Manual Testing,839.3
2025-01-05 22:30:03,Functional,Internal,Minor,Manual Testing,770.58
2024-12-26 11:41:22,Functional,External,Minor,Manual Testing,762.93
2024-12-27 16:51:37,Structural,Surface,Critical,Manual Testing,423.96
2025-04-16 10:53:08,Structural,Surface,Minor,Visual Inspection,293.75
2024-09-06 20:12:05,Structural,Surface,Minor,Visual Inspection,359.51
2025-02-14 08:06:11,Structural,Surface,Critical,Manual Testing,380.91
2024-10-02 22:46:02,Functional,Internal,Minor,Manual Testing,697.82
2026-04-19 05:02:13,Structural,Surface,Critical,Manual Testing,353.15
2026-06-21 01:15:27,Structural,Surface,Critical,Manual Testing,302.57
2025-01-09 01:17:12,Structural,Surface,Minor,Visual Inspection,276.78
2024-03-29 14:21:49,Functional,Internal,Minor,Manual Testing,1045.44
2026-01-24 08:04:54,Structural,Surface,Minor,Visual Inspection,376.76
2025-04-12 09:08:51,Structural,Surface,Critical,Manual Testing,324.56
2025-10-01 19:37:28,Structural,Surface,Minor,Visual Inspection,157.45
2026-03-25 13:44:33,Structural,Surface,Minor,Visual Inspection,299.28
2025-03-03 03:35:10,Structural,Surface,Critical,Manual Testing,428.59
2025-12-08 14:20:38,Functional,Internal,Minor,Manual Testing,889.45
2025-03-04 03:49:42,Structural,Surface,Critical,Manual Testing,379.01
2024-08-25 21:39:14,Structural,Surface,Minor,Visual Inspection,285.53
2025-01-16 12:34:44,Structural,Surface,Minor,Visual Inspection,249.62
2025-12-07 08:34:05,Structural,Surface,Critical,Manual Testing,382.07
2026-06-08 23:18:17,Functional,Internal,Minor,Manual Testing,751.19
2025-09-27 14:25:06,Structural,Surface,Minor,Visual Inspection,386.48
2025-04-17 10:57:07,Functional,Internal,Minor,Manual Testing,965.44
2026-01-28 14:03:21,Functional,Internal,Minor,Manual Testing,805.97
2025-02-28 00:26:33,Functional,Internal,Minor,Manual Testing,905.41
2024-01-09 21:46:38,Functional,Internal,Minor,Manual Testing,756.9
2025-04-13 09:01:55,Structural,Surface,Minor,Visual Inspection,314.58
2026-02-20 05:53:03,Structural,Surface,Critical,Manual Testing,347.2
2025-01-29 21:31:57,Functional,Internal,Minor,Manual Testing,1077.86
2024-09-15 06:36:59,Structural,Surface,Minor,Visual Inspection,287.63
2024-04-26 19:19:45,Structural,Surface,Minor,Visual Inspection,253.53
2024-04-26 22:41:47,Structural,Surface,Minor,Visual Inspection,360.67
2025-01-10 22:51:34,Structural,Surface,Minor,Visual Inspection,404.72
2025-11-25 21:04:07,Structural,Surface,Minor,Visual Inspection,184.8
2024-05-08 10:50:52,Structural,Surface,Minor,Visual Inspection,340.63
2026-02-17 02:21:38,Functional,Internal,Minor,Manual Testing,857.38
2025-01-16 07:39:13,Structural,Surface,Minor,Visual Inspection,236.96
2026-01-17 12:54:37,Structural,Surface,Minor,Visual Inspection,316.47
2025-08-30 02:22:18,Functional,Internal,Minor,Manual Testing,651.34
2024-08-19 17:11:43,Structural,Surface,Minor,Visual Inspection,306.64
2025-04-05 06:57:36,Functional,Internal,Minor,Manual Testing,943.1
2025-09-02 16:09:33,Structural,Surface,Minor,Visual Inspection,375.35
2025-07-19 23:28:03,Cosmetic,Internal,Minor,Manual Testing,671.18
2024-02-11 11:45:02,Functional,Internal,Minor,Manual Testing,575.7
2026-06-02 00:55:51,Functional,Internal,Minor,Manual Testing,881.03
2025-08-25 23:26:12,Structural,Surface,Minor,Visual Inspection,290.17
2024-08-29 19:29:38,Structural,Surface,Minor,Visual Inspection,213.04
2024-07-23 05:09:40,Structural,Surface,Minor,Visual Inspection,354.7
2025-01-17 16:50:06,Structural,Surface,Minor,Visual Inspection,253.11
2025-08-17 16:10:21,Structural,Surface,Minor,Visual Inspection,307.8
2024-07-08 21:06:06,Structural,Surface,Critical,Manual Testing,354.96
2024-12-19 01:06:20,Functional,Internal,Minor,Manual Testing,1045.89
2025-07-18 12:33:56,Structural,Surface,Minor,Visual Inspection,310.32
2026-02-10 10:50:16,Functional,Internal,Minor,Manual Testing,852.21
2026-06-15 13:20:28,Structural,Surface,Critical,Manual Testing,452.87
2025-08-29 14:50:02,Structural,Surface,Critical,Manual Testing,354.05
2026-05-25 06:33:00,Structural,Surface,Critical,Manual Testing,259.33
2024-04-27 23:10:57,Functional,Internal,Minor,Manual Testing,573.86
2024-06-09 10:58:49,Structural,Surface,Minor,Visual Inspection,274.29
2025-05-12 03:59:17,Structural,Surface,Critical,Manual Testing,393.02
2025-01-05 09:29:37,Structural,Surface,Minor,Visual Inspection,247.79
2025-05-17 02:26:13,Functional,Internal,Minor,Manual Testing,823.69
2024-12-12 01:46:27,Structural,Surface,Critical,Manual Testing,253.6
2025-04-01 12:27:06,Functional,Internal,Minor,Manual Testing,1022.96
2025-07-02 08:52:59,Structural,Surface,Critical,Manual Testing,210.8
2024-03-08 17:59:44,Functional,Internal,Minor,Manual Testing,765.85
2026-01-09 20:25:19,Structural,Surface,Minor,Visual Inspection,325.21
2025-10-25 08:03:39,Structural,Surface,Minor,Visual Inspection,337.19
2025-04-03 21:34:59,Structural,Internal,Critical,Automated Testing,306.69
2025-04-14 04:52:32,Structural,Surface,Critical,Manual Testing,386.3
2025-04-15 17:26:27,Functional,Surface,Minor,Visual Inspection,349.59
2024-10-08 23:19:35,Structural,Surface,Minor,Manual Testing,456.48
2025-12-04 11:05:08,Functional,Internal,Minor,Manual Testing,708.93
2026-02-17 01:46:43,Structural,Surface,Critical,Manual Testing,374.35
2024-05-24 17:07:27,Functional,Internal,Minor,Manual Testing,902.25
2024-04-30 14:59:18,Functional,Internal,Minor,Manual Testing,846.81
2025-02-21 04:32:18,Structural,Surface,Critical,Manual Testing,320.7
2025-08-07 19:14:54,Structural,Surface,Minor,Visual Inspection,327.95
2025-11-21 18:01:08,Structural,Surface,Minor,Visual Inspection,367.11
2025-02-21 20:34:13,Functional,Internal,Minor,Manual Testing,759.5
2024-09-25 16:37:41,Structural,Surface,Critical,Manual Testing,325.35
2025-12-20 20:22:11,Functional,Internal,Minor,Manual Testing,1262.18
2025-02-27 15:08:14,Functional,Internal,Minor,Manual Testing,804.98
2026-03-09 09:03:12,Functional,Internal,Minor,Manual Testing,599.88
2025-09-16 05:38:47,Functional,Internal,Minor,Manual Testing,822.21
2024-10-10 20:44:46,Structural,Surface,Minor,Automated Testing,321.04
2024-02-20 05:14:03,Structural,Surface,Minor,Visual Inspection,271.07
2025-10-20 07:13:03,Functional,Internal,Minor,Manual Testing,803.99
2025-06-23 00:57:08,Structural,Surface,Minor,Visual Inspection,329.94
2024-06-23 19:51:41,Structural,Surface,Critical,Manual Testing,361.12
2025-02-15 14:44:13,Functional,Internal,Minor,Manual Testing,772.86
2024-12-02 08:44:06,Structural,Surface,Critical,Manual Testing,353.05
2025-04-04 05:43:21,Structural,Surface,Critical,Manual Testing,166.22
2026-06-17 18:02:49,Structural,Surface,Critical,Manual Testing,491.62
2025-03-14 03:36:26,Functional,Internal,Minor,Manual Testing,784.26
2024-07-21 14:05:47,Structural,Surface,Minor,Visual Inspection,329.51
2025-09-29 19:10:31,Functional,Internal,Minor,Manual Testing,869.59
2025-10-15 06:58:42,Structural,External,Minor,Visual Inspection,301.15
2025-12-17 13:28:40,Structural,Surface,Minor,Visual Inspection,230.46
2025-04-24 21:48:51,Structural,Surface,Minor,Visual Inspection,284.98
2026-06-10 02:02:04,Structural,Surface,Critical,Manual Testing,448.06
2025-07-19 20:42:07,Structural,Surface,Minor,Visual Inspection,307.52
2024-03-18 22:20:15,Structural,Surface,Critical,Manual Testing,347.53
2026-05-29 14:44:06,Structural,Surface,Minor,Visual Inspection,337.66
2026-03-21 08:57:04,Functional,Internal,Minor,Manual Testing,704.25
2024-06-08 12:03:29,Structural,Surface,Critical,Manual Testing,297.99
2026-03-31 13:50:27,Structural,Surface,Minor,Visual Inspection,341.19
2024-04-12 00:53:15,Structural,Surface,Minor,Visual Inspection,337.8
2024-11-10 14:05:08,Functional,Internal,Minor,Manual Testing,774.27
2024-07-04 00:20:49,Structural,Surface,Critical,Manual Testing,343.58
2025-03-30 21:21:07,Structural,Surface,Critical,Manual Testing,249.06
2024-04-01 07:02:19,Functional,Internal,Minor,Manual Testing,705.16
2024-10-07 05:08:32,Functional,Internal,Minor,Manual Testing,929.06
2025-01-09 13:52:55,Structural,Surface,Minor,Visual Inspection,281.93
2025-01-15 00:18:28,Structural,Surface,Minor,Visual Inspection,336.29
2024-03-02 04:51:53,Structural,Surface,Minor,Visual Inspection,263.78
2024-02-27 15:45:05,Functional,Internal,Minor,Manual Testing,896.91
2024-08-25 12:56:25,Structural,Surface,Minor,Visual Inspection,291.77
2026-06-19 13:44:19,Functional,Internal,Minor,Manual Testing,552.26
2026-03-28 13:00:01,Structural,Surface,Critical,Manual Testing,254.15
2024-12-28 20:09:39,Structural,Surface,Minor,Visual Inspection,382.11
2026-01-15 22:03:55,Functional,Internal,Minor,Manual Testing,735.67
2025-05-20 08:51:36,Structural,Surface,Minor,Visual Inspection,330.87
2025-08-20 03:07:14,Functional,Internal,Minor,Manual Testing,957.39
2025-02-25 16:27:02,Functional,Internal,Minor,Manual Testing,1052.32
2025-07-06 11:07:00,Structural,Surface,Minor,Visual Inspection,261.88
2025-09-22 06:42:27,Functional,Internal,Minor,Manual Testing,653.55
2026-04-07 23:32:34,Structural,Surface,Minor,Visual Inspection,350.39
2025-03-13 15:16:13,Structural,Surface,Minor,Visual Inspection,295.39
2024-11-04 13:18:37,Structural,Surface,Minor,Visual Inspection,324.34
2025-01-20 00:38:39,Functional,Internal,Minor,Manual Testing,688.72
2026-04-04 12:59:03,Structural,Surface,Critical,Manual Testing,329.64
2026-04-06 01:13:30,Structural,Surface,Critical,Manual Testing,341.61
2024-06-11 21:09:49,Structural,Surface,Critical,Manual Testing,326.74
2026-05-02 01:48:09,Functional,Internal,Minor,Manual Testing,692.87
2025-01-09 03:12:29,Structural,Surface,Minor,Visual Inspection,341.72
2026-01-19 19:55:45,Functional,Internal,Minor,Manual Testing,693.4
2026-02-23 20:48:46,Structural,Surface,Critical,Manual Testing,248.61
2024-12-02 20:45:35,Structural,Surface,Minor,Visual Inspection,285.17
2024-01-26 20:50:00,Functional,Internal,Minor,Automated Testing,770.73
2024-02-24 22:32:51,Structural,Surface,Minor,Visual Inspection,285.34
2024-02-09 17:43:02,Structural,Surface,Critical,Manual Testing,361.9
2025-08-14 13:51:29,Structural,Surface,Minor,Visual Inspection,412.37
2024-04-15 05:17:24,Structural,Surface,Minor,Visual Inspection,324.58
2026-02-16 14:31:22,Structural,Surface,Critical,Manual Testing,334.05
2024-11-24 02:40:17,Structural,Surface,Critical,Manual Testing,336.54
2024-09-23 03:03:40,Functional,Internal,Minor,Manual Testing,822.39
2025-09-01 15:34:43,Structural,Surface,Critical,Manual Testing,422.81
2025-10-29 20:04:42,Structural,Surface,Critical,Manual Testing,300.91
2024-09-29 18:36:49,Structural,Surface,Critical,Manual Testing,299.7
2026-03-10 10:23:49,Structural,Surface,Critical,Manual Testing,367.41
2024-12-08 04:44:56,Structural,Surface,Minor,Visual Inspection,205.55
2025-07-17 20:00:57,Functional,Internal,Minor,Manual Testing,1026.7
2026-02-02 08:45:38,Structural,Surface,Critical,Manual Testing,336.05
2024-05-12 02:56:16,Structural,Surface,Critical,Manual Testing,369.64
2026-05-19 08:18:03,Structural,Surface,Minor,Visual Inspection,265.25
2024-07-12 07:14:10,Structural,Surface,Critical,Manual Testing,263.18
2025-06-02 13:42:29,Structural,Surface,Minor,Visual Inspection,321.39
2025-09-28 00:38:24,Structural,Surface,Critical,Manual Testing,411.7
2024-09-28 19:23:07,Functional,Internal,Minor,Manual Testing,717.75
2026-04-26 15:32:39,Functional,Internal,Minor,Manual Testing,823.12
2024-09-02 08:54:56,Functional,Internal,Minor,Manual Testing,652.23
2024-09-10 17:11:57,Functional,Internal,Minor,Manual Testing,811.47
2024-12-02 17:38:27,Functional,Internal,Minor,Manual Testing,890.47
2026-05-30 01:58:48,Structural,Surface,Critical,Manual Testing,425.23
2024-11-07 19:07:19,Functional,Internal,Minor,Manual Testing,654.23
2025-08-22 00:58:40,Functional,Internal,Minor,Manual Testing,472.08
2024-08-27 05:12:09,Structural,Surface,Minor,Visual Inspection,377.35
2025-07-22 16:09:06,Structural,Surface,Minor,Visual Inspection,359.51
2026-06-12 13:01:09,Structural,Surface,Minor,Visual Inspection,399.7
2024-12-20 02:58:28,Structural,Surface,Minor,Visual Inspection,338.67
2024-04-12 13:22:15,Structural,Surface,Critical,Manual Testing,354.6
2024-01-13 11:53:20,Functional,Internal,Minor,Manual Testing,646.53
2024-09-27 16:54:29,Structural,Surface,Critical,Manual Testing,335.7
2025-04-09 11:31:23,Structural,Surface,Minor,Manual Testing,344.61
2024-12-11 03:56:20,Structural,Surface,Critical,Manual Testing,298.49
2024-09-03 01:13:53,Structural,Surface,Minor,Visual Inspection,316.68
2026-05-31 16:14:50,Structural,Surface,Critical,Manual Testing,355.64
2024-05-28 01:01:42,Structural,Surface,Critical,Manual Testing,312.86
2025-06-23 15:55:14,Functional,Internal,Minor,Manual Testing,783.28
2025-02-26 05:45:41,Functional,Internal,Minor,Manual Testing,812.99
2024-03-23 18:52:27,Structural,Surface,Critical,Manual Testing,375.84
2026-02-13 01:55:48,Functional,Internal,Minor,Manual Testing,639.76
2025-05-14 11:55:15,Functional,Internal,Minor,Manual Testing,775.91
2025-03-04 00:53:27,Structural,Surface,Critical,Manual Testing,323.09
2026-05-29 14:03:08,Structural,Surface,Critical,Manual Testing,460.61
2024-01-18 15:21:42,Structural,Surface,Critical,Manual Testing,465.3
2025-08-23 10:31:24,Structural,Surface,Minor,Visual Inspection,346.1
2024-07-08 23:18:06,Structural,Surface,Critical,Manual Testing,283.16
2025-09-20 05:27:36,Structural,Surface,Major,Manual Testing,372.62
2024-10-01 12:08:55,Functional,Internal,Minor,Manual Testing,830.5
2024-06-15 22:01:08,Functional,Internal,Minor,Manual Testing,772.64
2024-11-21 02:23:52,Structural,Surface,Critical,Manual Testing,308.15
2025-10-14 13:01:43,Structural,Surface,Minor,Visual Inspection,259.09
2024-05-23 21:09:55,Functional,Internal,Minor,Manual Testing,841.69
2024-05-14 21:18:24,Structural,Surface,Minor,Visual Inspection,203.45
2025-12-10 06:00:00,Structural,Surface,Minor,Visual Inspection,252.87
2025-04-15 21:55:40,Structural,Surface,Critical,Manual Testing,367.21
2024-08-09 17:07:33,Structural,Surface,Critical,Manual Testing,399.88
2025-11-24 10:15:58,Structural,Surface,Critical,Manual Testing,362.92
2025-01-26 08:29:09,Structural,Surface,Minor,Visual Inspection,381.43
2026-02-07 08:27:20,Functional,Internal,Minor,Manual Testing,729.61
2026-01-12 15:31:55,Structural,Surface,Critical,Manual Testing,378.92
2024-04-10 05:02:24,Functional,Internal,Minor,Manual Testing,722.06
2024-05-31 19:35:15,Structural,Surface,Minor,Visual Inspection,280.97
2025-05-10 02:47:56,Structural,Surface,Minor,Visual Inspection,362.6
2025-01-14 14:30:55,Functional,Internal,Minor,Manual Testing,710.66
2025-06-14 06:40:38,Functional,Internal,Minor,Manual Testing,739.1
2024-11-28 12:07:17,Structural,Surface,Minor,Visual Inspection,239.53
2024-07-20 19:55:18,Structural,Surface,Minor,Visual Inspection,269.53
2024-11-22 05:42:01,Structural,Surface,Minor,Visual Inspection,277.92
2025-03-03 20:54:46,Structural,Surface,Minor,Visual Inspection,319.37
2024-02-08 16:17:41,Structural,Surface,Minor,Visual Inspection,245.4
2024-03-07 23:17:45,Structural,Surface,Critical,Manual Testing,342.79
2026-05-12 07:36:54,Structural,Surface,Critical,Manual Testing,487.32
2024-06-08 05:34:09,Structural,Surface,Critical,Manual Testing,406.52
2024-09-08 14:42:36,Functional,Internal,Minor,Manual Testing,841.41
2024-09-19 10:31:54,Structural,Surface,Critical,Manual Testing,272.64
2025-06-29 16:57:51,Structural,Surface,Critical,Manual Testing,266.34
2026-04-06 23:23:31,Functional,Internal,Minor,Manual Testing,688.87
2024-12-28 06:10:28,Structural,Surface,Critical,Manual Testing,384.78
2025-05-11 01:34:40,Functional,Internal,Minor,Manual Testing,733.0
2025-09-29 17:16:36,Structural,Surface,Critical,Manual Testing,419.04
2026-05-10 21:12:20,Structural,Surface,Critical,Manual Testing,365.53
2024-10-26 00:48:32,Structural,Surface,Critical,Manual Testing,305.76
2024-12-16 04:32:17,Structural,Surface,Critical,Manual Testing,411.34
2025-10-03 05:56:36,Functional,Internal,Minor,Manual Testing,833.84
2026-05-18 05:01:32,Structural,Surface,Minor,Visual Inspection,305.45
2025-10-18 00:44:57,Structural,Surface,Minor,Visual Inspection,369.15
2024-05-25 11:23:41,Structural,Surface,Minor,Visual Inspection,362.13
2024-12-30 22:33:23,Functional,Internal,Minor,Manual Testing,908.22
2025-08-24 23:26:49,Structural,Surface,Minor,Visual Inspection,299.03
2026-05-06 13:22:17,Structural,Surface,Minor,Visual Inspection,283.39
2026-04-14 04:31:54,Functional,Internal,Minor,Manual Testing,945.38
2026-05-21 13:57:54,Structural,Surface,Critical,Manual Testing,329.62
2025-04-01 14:19:36,Functional,Internal,Minor,Manual Testing,628.7
2024-03-18 01:58:28,Functional,Internal,Minor,Manual Testing,947.19
2024-06-05 00:24:14,Functional,Internal,Minor,Manual Testing,718.09
2024-04-14 05:17:24,Structural,Surface,Critical,Manual Testing,399.78
2025-11-07 08:20:37,Structural,Surface,Critical,Manual Testing,430.2
2024-05-07 13:26:26,Structural,Surface,Minor,Visual Inspection,280.2
2026-04-01 16:54:26,Functional,Internal,Minor,Manual Testing,989.88
2024-11-21 06:45:20,Structural,Surface,Critical,Manual Testing,169.09
2025-05-25 00:35:31,Functional,Internal,Minor,Manual Testing,795.94
2025-09-01 03:44:43,Functional,Internal,Minor,Manual Testing,669.99
2024-10-26 02:17:26,Structural,Surface,Critical,Manual Testing,294.74
2024-09-15 12:13:55,Functional,Internal,Minor,Manual Testing,995.47
2025-07-13 01:21:44,Structural,Surface,Minor,Visual Inspection,264.88
2024-11-04 13:10:09,Functional,Internal,Minor,Manual Testing,996.38
2024-07-14 03:51:10,Functional,Internal,Minor,Manual Testing,1111.84
2026-05-19 03:34:44,Structural,Surface,Critical,Manual Testing,374.19
2024-06-12 21:22:14,Structural,Surface,Minor,Visual Inspection,275.77
2025-01-02 04:38:46,Functional,Internal,Minor,Manual Testing,856.04
2026-06-01 10:10:46,Functional,Internal,Minor,Manual Testing,795.83
2026-01-24 00:32:24,Structural,Surface,Minor,Visual Inspection,222.05
2025-08-11 19:39:43,Functional,Internal,Minor,Manual Testing,880.78
2026-02-07 12:49:45,Functional,Internal,Minor,Manual Testing,658.51
2024-05-30 17:25:04,Functional,Internal,Minor,Manual Testing,846.62
2024-06-01 03:00:08,Structural,Surface,Critical,Manual Testing,391.01
2024-09-28 15:03:45,Structural,Surface,Critical,Manual Testing,369.74
2025-11-30 21:53:02,Functional,Internal,Minor,Manual Testing,853.47
2025-05-12 00:29:54,Structural,Surface,Critical,Manual Testing,438.01
2025-05-07 07:55:45,Structural,Surface,Minor,Visual Inspection,286.47
2026-03-20 04:27:46,Structural,Surface,Minor,Visual Inspection,293.29
2025-02-23 15:51:10,Functional,Internal,Minor,Manual Testing,841.27
2024-12-16 20:54:42,Structural,Surface,Minor,Visual Inspection,256.05
2026-06-28 07:59:25,Structural,Surface,Critical,Manual Testing,349.03
2026-06-27 16:20:11,Structural,Surface,Minor,Visual Inspection,264.4
2025-05-02 19:36:46,Structural,Surface,Minor,Visual Inspection,326.39
2026-01-24 07:56:43,Structural,Surface,Critical,Manual Testing,337.59
2024-08-05 10:22:56,Structural,Surface,Critical,Manual Testing,299.14
2024-02-08 23:10:12,Functional,Internal,Minor,Manual Testing,884.9
2025-05-16 03:49:33,Structural,Surface,Minor,Visual Inspection,347.41
2025-05-19 04:53:57,Functional,Internal,Minor,Manual Testing,826.54
2024-09-18 23:51:02,Structural,Surface,Minor,Visual Inspection,375.93
2024-06-13 21:16:13,Structural,Surface,Critical,Manual Testing,278.41
2025-08-11 07:52:04,Structural,Surface,Critical,Manual Testing,360.56
2024-09-05 19:49:15,Functional,Internal,Minor,Manual Testing,739.1
2024-05-03 17:05:27,Structural,Surface,Critical,Manual Testing,427.2
2026-04-26 04:39:20,Structural,Surface,Minor,Visual Inspection,321.58
2025-02-27 12:18:51,Structural,Surface,Minor,Visual Inspection,255.32
2026-06-21 22:46:46,Structural,Surface,Minor,Visual Inspection,353.97
2024-01-15 17:01:36,Structural,Surface,Critical,Manual Testing,266.45
2026-01-25 17:08:06,Functional,Internal,Minor,Manual Testing,896.66
2026-02-10 03:19:22,Structural,Surface,Critical,Manual Testing,328.56
2024-01-25 03:30:13,Structural,Surface,Minor,Visual Inspection,274.77
2026-02-25 11:17:30,Structural,Surface,Minor,Visual Inspection,380.84
2025-05-18 03:16:17,Structural,Surface,Critical,Manual Testing,376.81
2026-05-26 20:54:55,Structural,Surface,Critical,Manual Testing,351.2
2024-09-11 03:31:13,Structural,Surface,Minor,Visual Inspection,342.4
2025-12-30 09:44:01,Functional,Internal,Minor,Manual Testing,873.92
2024-10-01 08:47:36,Functional,Internal,Minor,Manual Testing,1039.6
2026-03-02 14:20:24,Functional,Internal,Minor,Manual Testing,926.68
2025-09-04 00:39:08,Structural,Surface,Critical,Manual Testing,378.32
2025-12-26 08:47:52,Structural,Surface,Critical,Manual Testing,308.94
2026-02-23 10:26:30,Functional,Internal,Minor,Manual Testing,745.89
2025-12-20 03:39:43,Functional,Internal,Minor,Manual Testing,888.26
2024-04-12 10:17:31,Functional,Internal,Minor,Manual Testing,554.57
2025-06-08 00:24:49,Structural,Surface,Minor,Visual Inspection,314.8
2025-05-14 22:19:56,Structural,Surface,Minor,Visual Inspection,365.96
2025-09-04 23:00:36,Structural,Surface,Minor,Visual Inspection,279.94
2024-06-23 02:43:23,Structural,Surface,Critical,Manual Testing,293.93
2026-03-31 03:21:02,Structural,Surface,Critical,Manual Testing,351.87
2025-03-21 14:20:01,Structural,Surface,Critical,Manual Testing,331.0
2024-12-03 14:21:04,Structural,Surface,Critical,Manual Testing,469.8
2025-05-29 23:32:34,Structural,Surface,Minor,Visual Inspection,232.97
2025-02-13 15:37:45,Structural,Surface,Critical,Manual Testing,382.54
2024-11-06 19:31:36,Cosmetic,Surface,Minor,Manual Testing,397.85
2025-10-20 00:18:13,Structural,Surface,Minor,Visual Inspection,293.72
2025-06-28 11:48:03,Structural,Surface,Critical,Manual Testing,339.78
2024-03-27 05:20:07,Structural,Surface,Critical,Manual Testing,354.63
2024-12-27 02:38:13,Structural,External,Critical,Manual Testing,351.47
2024-08-22 17:48:09,Functional,Internal,Minor,Manual Testing,569.02
2025-04-02 04:30:26,Functional,Internal,Minor,Manual Testing,689.98
2026-06-27 13:49:07,Structural,Surface,Minor,Visual Inspection,390.06
2024-02-07 19:20:02,Structural,Surface,Critical,Manual Testing,337.14
2026-04-29 19:16:31,Functional,Internal,Minor,Manual Testing,899.12
2026-03-01 16:35:25,Structural,Surface,Minor,Visual Inspection,314.31
2024-07-14 10:54:54,Functional,Internal,Minor,Manual Testing,724.29
2024-03-12 18:50:58,Structural,Surface,Critical,Manual Testing,299.42
2024-10-18 01:04:42,Structural,Surface,Critical,Manual Testing,410.16
2024-12-28 03:16:02,Functional,Internal,Minor,Manual Testing,934.1
2025-11-11 05:24:42,Structural,Surface,Critical,Manual Testing,444.16
2026-06-17 12:44:51,Functional,Internal,Minor,Manual Testing,780.59
2025-05-08 12:16:38,Structural,Surface,Critical,Manual Testing,359.73
2025-03-12 11:28:15,Structural,Surface,Minor,Visual Inspection,396.25
2024-07-30 19:01:57,Functional,Internal,Minor,Manual Testing,847.27
2025-07-22 23:42:51,Functional,Internal,Minor,Manual Testing,695.23
2025-12-17 00:30:19,Functional,Internal,Minor,Manual Testing,1034.79
2024-08-05 15:16:36,Structural,Surface,Critical,Manual Testing,426.41
2025-02-23 14:24:07,Functional,Internal,Minor,Manual Testing,913.49
2024-11-25 02:14:08,Functional,Internal,Minor,Manual Testing,547.91
2024-03-16 09:00:40,Functional,Internal,Minor,Manual Testing,642.14
2024-03-12 21:11:55,Structural,Surface,Minor,Visual Inspection,338.13
2025-07-13 16:18:42,Structural,Surface,Critical,Manual Testing,411.22
2026-01-02 13:13:24,Structural,Surface,Minor,Visual Inspection,241.07
2025-10-08 07:53:42,Structural,Surface,Critical,Manual Testing,351.79
2025-09-25 04:15:05,Structural,Surface,Critical,Manual Testing,430.05
2025-05-17 18:50:58,Structural,Surface,Minor,Visual Inspection,324.62
2026-05-23 16:56:45,Structural,Surface,Minor,Visual Inspection,374.25
2026-06-18 04:14:54,Structural,Surface,Critical,Manual Testing,416.71
2025-03-11 15:19:44,Structural,Surface,Critical,Manual Testing,314.31
2025-07-25 19:00:07,Structural,Surface,Minor,Visual Inspection,312.12
2026-01-28 20:15:45,Structural,Surface,Critical,Manual Testing,409.65
2025-09-06 02:37:51,Functional,Internal,Minor,Manual Testing,915.6
2024-07-24 21:33:20,Structural,Surface,Minor,Visual Inspection,305.28
2025-11-05 10:48:47,Structural,Surface,Minor,Visual Inspection,329.18
2025-10-20 08:38:02,Functional,Internal,Minor,Manual Testing,695.94
2025-09-17 01:42:43,Functional,Internal,Minor,Manual Testing,741.98
2025-03-05 18:37:38,Structural,Surface,Critical,Manual Testing,353.43
2026-04-16 17:50:37,Structural,Surface,Minor,Visual Inspection,292.66
2025-04-05 11:59:31,Structural,Surface,Critical,Manual Testing,434.44
2025-03-06 13:50:03,Structural,Surface,Minor,Visual Inspection,302.56
2024-03-15 02:53:23,Functional,Internal,Minor,Manual Testing,832.3
2024-07-30 10:40:49,Structural,Surface,Minor,Visual Inspection,271.0
2025-04-13 10:35:21,Structural,Surface,Critical,Manual Testing,300.84
2025-11-10 21:38:23,Functional,Internal,Minor,Manual Testing,602.16
2026-05-07 11:17:54,Structural,Surface,Minor,Visual Inspection,315.22
2025-08-26 16:08:33,Functional,Internal,Minor,Manual Testing,655.71
2025-01-31 10:49:48,Structural,Surface,Minor,Visual Inspection,343.39
2024-09-02 17:53:50,Structural,Surface,Critical,Manual Testing,390.44
2025-12-04 02:55:10,Structural,Surface,Critical,Manual Testing,339.01
2024-10-09 22:05:21,Structural,Surface,Critical,Manual Testing,325.53
2025-02-06 13:21:48,Structural,Surface,Critical,Manual Testing,371.37
2025-09-22 00:44:30,Functional,Internal,Minor,Manual Testing,893.79
2024-05-04 13:08:08,Structural,Surface,Critical,Manual Testing,301.66
2025-03-25 04:10:56,Structural,Surface,Critical,Manual Testing,365.8
2025-07-13 13:01:53,Structural,Surface,Critical,Manual Testing,322.15
2025-11-22 03:20:26,Structural,Surface,Minor,Visual Inspection,329.76
2024-03-30 12:21:42,Functional,Internal,Minor,Manual Testing,706.93
2025-01-10 20:49:43,Functional,Internal,Minor,Manual Testing,846.22
2025-06-01 19:22:33,Functional,Internal,Minor,Manual Testing,881.39
2025-05-21 02:55:50,Structural,Surface,Critical,Manual Testing,278.73
2025-01-20 01:04:18,Functional,Internal,Minor,Manual Testing,937.25
2025-09-25 05:19:35,Functional,Internal,Minor,Manual Testing,645.41
2024-10-01 03:22:27,Functional,Internal,Minor,Manual Testing,583.58
2024-07-04 14:53:47,Functional,Internal,Minor,Manual Testing,1100.5
2025-02-13 16:14:40,Structural,Surface,Critical,Manual Testing,365.32
2025-06-20 14:11:21,Structural,Surface,Critical,Manual Testing,338.54
2025-05-11 03:16:40,Structural,Surface,Minor,Visual Inspection,315.32
2024-12-14 17:47:56,Structural,Surface,Minor,Visual Inspection,409.63
2024-12-31 03:37:11,Structural,Surface,Critical,Manual Testing,368.28
2024-06-19 07:58:15,Functional,Internal,Minor,Manual Testing,954.25
2024-07-08 23:15:28,Structural,Surface,Minor,Visual Inspection,263.62
2025-09-21 11:57:53,Structural,Surface,Minor,Visual Inspection,303.97
2025-03-12 21:24:52,Structural,Surface,Critical,Manual Testing,271.22
2025-06-30 19:59:08,Structural,Surface,Minor,Visual Inspection,321.2
2025-03-03 13:22:13,Structural,Surface,Critical,Manual Testing,357.35
2026-06-07 20:28:37,Structural,Surface,Critical,Manual Testing,360.07
2024-04-19 09:22:17,Structural,Surface,Critical,Manual Testing,369.55
2025-09-11 06:33:52,Structural,Surface,Critical,Manual Testing,325.17
2024-11-28 01:05:29,Structural,Surface,Critical,Manual Testing,301.74
2024-09-09 11:35:01,Structural,Surface,Minor,Visual Inspection,374.16
2026-02-02 23:55:51,Functional,Internal,Minor,Manual Testing,944.26
2025-02-15 14:30:19,Functional,Internal,Minor,Manual Testing,985.79
2024-07-22 08:19:47,Functional,Internal,Minor,Manual Testing,887.81
2026-06-22 00:44:20,Structural,Surface,Critical,Manual Testing,311.94
2025-08-23 11:02:03,Structural,Surface,Minor,Visual Inspection,319.96
2024-04-09 08:49:37,Functional,Internal,Minor,Manual Testing,1001.71
2024-06-24 14:02:01,Structural,Surface,Critical,Manual Testing,358.16
2025-04-25 19:33:56,Functional,Internal,Minor,Manual Testing,940.07
2025-02-06 06:25:14,Functional,Internal,Minor,Manual Testing,712.76
2026-06-26 13:41:35,Structural,Surface,Critical,Manual Testing,260.61
2024-11-01 01:10:26,Structural,Surface,Minor,Visual Inspection,320.44
2026-02-07 05:15:25,Structural,Surface,Critical,Manual Testing,305.73
2025-02-08 13:38:35,Structural,Surface,Critical,Manual Testing,366.18
2024-03-06 10:37:17,Functional,Internal,Minor,Manual Testing,661.41
2024-06-02 17:54:52,Structural,Surface,Critical,Manual Testing,306.98
2025-07-25 04:10:30,Structural,Surface,Critical,Manual Testing,419.75
2025-11-25 19:33:12,Functional,Internal,Minor,Manual Testing,729.87
2025-02-09 04:58:17,Structural,Surface,Minor,Visual Inspection,263.04
2025-09-22 02:24:05,Structural,Surface,Critical,Manual Testing,362.12
2025-10-25 02:29:42,Structural,Surface,Critical,Manual Testing,257.24
2024-09-01 00:03:08,Functional,Internal,Minor,Manual Testing,933.6
2026-02-15 16:26:23,Functional,Internal,Minor,Manual Testing,505.65
2025-02-06 17:25:14,Functional,Internal,Minor,Manual Testing,1050.32
2024-09-18 04:02:45,Structural,Surface,Critical,Manual Testing,368.62
2025-01-29 01:07:46,Functional,Internal,Critical,Manual Testing,611.35
2025-12-04 15:41:02,Structural,Surface,Minor,Visual Inspection,376.8
2025-06-22 07:42:40,Functional,Internal,Minor,Manual Testing,894.54
2024-04-19 02:45:04,Structural,Surface,Critical,Manual Testing,434.65
2024-06-03 02:38:12,Functional,Internal,Minor,Manual Testing,1065.38
2024-01-04 03:30:36,Functional,Internal,Minor,Manual Testing,812.02
2025-12-21 11:51:05,Functional,Internal,Minor,Manual Testing,779.12
2026-03-04 23:25:51,Structural,Surface,Major,Visual Inspection,348.63
2025-07-02 08:49:01,Structural,Surface,Minor,Visual Inspection,355.86
2024-07-25 23:25:50,Functional,Internal,Minor,Manual Testing,788.29
2026-03-27 00:25:13,Structural,Surface,Critical,Manual Testing,352.07
2024-05-21 03:33:46,Functional,Internal,Minor,Manual Testing,573.76
2025-01-28 00:42:34,Structural,Internal,Minor,Visual Inspection,285.02
2024-12-21 12:03:15,Structural,Surface,Critical,Manual Testing,436.82
2026-04-18 07:14:09,Functional,Internal,Minor,Manual Testing,811.07
2024-08-06 11:40:37,Functional,Internal,Minor,Manual Testing,823.92
2025-09-09 21:27:18,Functional,Internal,Minor,Manual Testing,746.44
2024-10-07 14:44:42,Structural,Surface,Minor,Visual Inspection,360.22
2024-05-09 01:08:17,Structural,Surface,Critical,Manual Testing,375.44
2025-04-05 11:34:11,Structural,Surface,Critical,Manual Testing,290.98
2024-08-30 22:26:33,Structural,Surface,Minor,Visual Inspection,307.16
2025-10-29 19:01:12,Structural,Surface,Minor,Visual Inspection,309.61
2025-12-10 13:41:40,Functional,Internal,Minor,Manual Testing,864.17
2026-03-27 16:03:40,Functional,Internal,Minor,Manual Testing,899.36
2024-05-18 16:59:58,Structural,Surface,Critical,Manual Testing,359.28
2024-12-28 16:14:42,Structural,Surface,Minor,Visual Inspection,308.24
2024-02-08 13:17:48,Functional,Internal,Minor,Manual Testing,923.57
2024-05-27 20:30:15,Structural,Surface,Minor,Visual Inspection,297.84
2024-04-02 06:16:19,Functional,Internal,Minor,Manual Testing,935.27
2026-02-27 23:41:26,Structural,Surface,Critical,Manual Testing,353.47
2024-05-05 06:20:14,Structural,Surface,Critical,Manual Testing,406.33
2025-10-18 02:53:50,Functional,Internal,Minor,Manual Testing,879.2
2026-01-25 14:47:30,Functional,Internal,Minor,Manual Testing,827.78
2024-05-29 13:05:39,Structural,Surface,Critical,Manual Testing,327.16
2025-11-28 23:04:09,Functional,Internal,Minor,Manual Testing,882.76
2025-10-31 20:09:43,Structural,Surface,Critical,Manual Testing,464.6
2024-10-13 12:34:26,Structural,Surface,Critical,Manual Testing,302.47
2026-04-04 14:02:58,Functional,Internal,Minor,Manual Testing,866.42
2026-02-23 17:30:21,Structural,Surface,Critical,Manual Testing,342.28
2024-04-06 17:39:16,Structural,Surface,Critical,Manual Testing,362.94
2024-11-26 16:07:35,Structural,Surface,Minor,Visual Inspection,293.27
2026-05-27 01:44:02,Structural,Surface,Critical,Manual Testing,484.2
2024-05-12 19:53:49,Structural,Surface,Minor,Visual Inspection,259.24
2025-10-06 06:49:46,Structural,Surface,Minor,Visual Inspection,436.52
2025-05-06 19:18:44,Structural,Surface,Minor,Visual Inspection,313.45
2026-02-21 11:55:27,Functional,Internal,Minor,Manual Testing,734.44
2025-02-25 16:09:09,Structural,Surface,Minor,Visual Inspection,329.44
2024-02-29 09:06:37,Functional,Internal,Minor,Manual Testing,617.87
2025-03-13 14:34:41,Structural,Surface,Minor,Visual Inspection,313.14
2024-06-10 11:47:01,Structural,Surface,Minor,Visual Inspection,351.02
2024-12-08 00:12:15,Functional,Internal,Minor,Manual Testing,968.65
2024-09-27 16:24:52,Structural,Surface,Critical,Manual Testing,360.79
2024-06-19 21:22:40,Functional,Internal,Minor,Manual Testing,906.4
2024-08-21 06:36:34,Structural,Surface,Critical,Manual Testing,280.1
2025-04-28 09:28:32,Structural,Surface,Minor,Visual Inspection,299.43
2025-06-05 19:21:49,Structural,Surface,Critical,Manual Testing,329.38
2025-07-25 11:27:30,Structural,Surface,Minor,Visual Inspection,227.94
2025-08-28 03:53:22,Functional,Internal,Minor,Manual Testing,746.22
2025-07-20 10:19:42,Functional,Internal,Minor,Manual Testing,915.11
2024-11-11 11:59:57,Functional,Surface,Critical,Manual Testing,289.18
2024-10-09 02:47:22,Structural,Surface,Critical,Manual Testing,343.12
2025-06-18 06:01:43,Functional,Internal,Minor,Manual Testing,1051.86
2025-09-12 16:49:11,Structural,Surface,Minor,Visual Inspection,336.4
2025-06-30 14:32:09,Structural,Surface,Critical,Manual Testing,351.86
2025-02-15 12:01:26,Structural,Surface,Minor,Visual Inspection,314.88
2024-09-09 06:07:46,Structural,Surface,Minor,Visual Inspection,323.03
2026-03-30 12:04:00,Structural,Surface,Minor,Visual Inspection,311.67
2024-09-14 17:46:46,Functional,Internal,Minor,Manual Testing,744.82
2026-06-19 18:40:25,Structural,Surface,Minor,Visual Inspection,236.27
2025-09-30 16:33:56,Cosmetic,Surface,Critical,Manual Testing,338.47
2024-07-13 02:24:34,Structural,Surface,Critical,Manual Testing,441.04
2025-02-09 17:34:36,Structural,Surface,Critical,Manual Testing,468.54
2024-01-23 22:58:29,Cosmetic,Internal,Major,Manual Testing,982.54
2024-08-15 11:57:00,Structural,Surface,Critical,Manual Testing,356.74
2024-05-27 05:07:22,Functional,Internal,Minor,Manual Testing,628.08
2025-03-12 18:54:48,Structural,Surface,Critical,Manual Testing,305.58
2025-10-06 11:54:33,Structural,Surface,Critical,Manual Testing,316.74
2025-02-20 06:43:01,Structural,Surface,Critical,Automated Testing,321.53
2024-04-26 09:04:39,Structural,Surface,Critical,Manual Testing,347.98
2024-07-23 17:02:07,Structural,Surface,Minor,Visual Inspection,269.53
2024-05-06 23:32:57,Structural,Surface,Critical,Manual Testing,363.61
2026-03-04 16:29:13,Functional,Internal,Minor,Manual Testing,975.18
2025-04-05 20:08:57,Structural,Surface,Critical,Manual Testing,447.67
2024-01-01 16:58:07,Functional,Internal,Minor,Manual Testing,1017.07
2026-03-24 12:04:49,Functional,Internal,Minor,Manual Testing,850.08
2024-06-10 11:56:07,Functional,Internal,Minor,Manual Testing,1114.85
2025-09-05 07:44:48,Structural,Surface,Critical,Manual Testing,433.93
2024-05-06 20:10:14,Functional,Internal,Minor,Manual Testing,901.1
2025-05-13 18:16:27,Structural,Surface,Critical,Manual Testing,278.63
2024-01-31 06:36:44,Structural,Surface,Minor,Visual Inspection,352.43
2025-07-24 09:32:19,Structural,Surface,Critical,Manual Testing,337.03
2025-01-22 06:01:11,Structural,Surface,Critical,Manual Testing,317.76
2024-03-13 04:59:55,Structural,Surface,Critical,Manual Testing,307.89
2024-12-07 00:32:19,Structural,Surface,Minor,Visual Inspection,323.59
2025-05-13 11:50:38,Structural,Surface,Minor,Visual Inspection,309.23
2026-03-13 16:52:46,Structural,Surface,Critical,Manual Testing,433.03
2025-03-08 23:02:51,Functional,Internal,Minor,Manual Testing,1050.54
2024-04-26 06:57:33,Functional,Internal,Minor,Manual Testing,731.68
2025-07-23 17:19:26,Structural,Surface,Minor,Visual Inspection,274.4
2024-09-04 02:58:29,Functional,Internal,Minor,Manual Testing,666.71
2025-01-12 00:56:09,Functional,Internal,Minor,Manual Testing,711.4
2025-01-01 02:48:03,Functional,Internal,Minor,Manual Testing,767.96
2025-09-13 01:44:57,Structural,Surface,Minor,Visual Inspection,318.12
2024-12-13 12:03:24,Functional,Internal,Minor,Manual Testing,737.64
2025-07-15 17:18:01,Structural,Surface,Minor,Visual Inspection,302.3
2024-12-29 04:11:31,Functional,Internal,Minor,Manual Testing,736.29
2026-01-10 12:33:26,Functional,Internal,Minor,Manual Testing,817.81
2025-10-08 04:42:48,Functional,Internal,Minor,Manual Testing,945.67
2026-05-28 11:57:24,Structural,Surface,Minor,Visual Inspection,305.14
2025-01-18 20:09:33,Functional,Internal,Minor,Manual Testing,833.15
2026-06-25 08:18:52,Structural,Surface,Minor,Visual Inspection,244.48
2025-01-25 23:15:13,Functional,Internal,Minor,Manual Testing,626.9
2024-05-12 18:36:01,Functional,Internal,Minor,Manual Testing,707.47
2024-07-25 07:06:53,Functional,Internal,Minor,Manual Testing,878.81
2025-11-28 08:24:30,Structural,Surface,Minor,Visual Inspection,325.46
2024-01-29 18:06:53,Functional,Internal,Minor,Manual Testing,737.82
2024-11-08 14:33:44,Functional,Surface,Major,Manual Testing,940.46
2024-10-05 11:56:09,Structural,Surface,Critical,Manual Testing,302.61
2024-09-01 13:32:23,Functional,Internal,Minor,Manual Testing,1105.39
2025-10-25 18:51:19,Functional,Internal,Minor,Manual Testing,870.3
2024-02-22 14:39:43,Functional,Internal,Minor,Manual Testing,824.43
2024-03-25 21:28:21,Structural,Surface,Minor,Visual Inspection,278.49
2024-05-26 15:33:00,Structural,Surface,Minor,Visual Inspection,256.3
2024-03-04 22:53:53,Structural,Surface,Critical,Manual Testing,337.92
2024-09-01 06:26:32,Functional,Internal,Minor,Manual Testing,667.66
2024-04-09 10:57:39,Structural,Surface,Minor,Visual Inspection,390.01
2025-07-27 21:17:56,Functional,Internal,Minor,Manual Testing,850.9
2025-02-15 19:40:25,Functional,Internal,Minor,Manual Testing,561.3
2024-07-31 01:23:49,Structural,Surface,Minor,Visual Inspection,278.75
2026-02-25 03:13:52,Functional,Internal,Minor,Manual Testing,929.8
2025-05-10 16:30:17,Structural,Surface,Critical,Manual Testing,402.65
2025-04-25 18:24:15,Structural,Surface,Minor,Visual Inspection,300.95
2025-03-02 01:14:07,Functional,Internal,Minor,Manual Testing,893.66
2025-02-02 11:33:23,Functional,Internal,Minor,Manual Testing,918.64
2024-11-05 22:39:09,Structural,Surface,Minor,Visual Inspection,281.07
2026-01-30 05:14:27,Functional,Internal,Minor,Manual Testing,632.89
2024-10-19 17:28:29,Structural,Surface,Critical,Manual Testing,301.76
2024-05-10 21:30:11,Structural,Surface,Critical,Manual Testing,377.98
2025-03-15 04:07:32,Structural,Surface,Critical,Manual Testing,432.85
2024-04-26 06:59:55,Structural,Surface,Critical,Manual Testing,360.79
2025-08-10 12:10:36,Structural,Surface,Critical,Manual Testing,246.61
2025-06-16 01:05:57,Functional,Internal,Minor,Manual Testing,729.79
2025-07-21 05:08:54,Functional,Internal,Minor,Manual Testing,1018.12
2025-03-14 09:18:04,Functional,Internal,Minor,Manual Testing,1057.88
2024-01-27 21:08:43,Structural,Surface,Minor,Visual Inspection,240.35
2024-09-02 09:03:44,Structural,Surface,Minor,Visual Inspection,259.03
2024-09-26 03:54:26,Structural,Surface,Minor,Visual Inspection,250.78
2025-05-22 10:28:03,Structural,External,Critical,Visual Inspection,434.77
2026-02-05 23:51:08,Structural,Surface,Critical,Manual Testing,395.48
2024-05-03 11:43:55,Structural,Surface,Critical,Manual Testing,309.88
2024-04-25 02:26:30,Structural,Surface,Critical,Manual Testing,352.5
2024-12-20 01:29:32,Structural,Surface,Minor,Visual Inspection,339.52
2025-01-03 21:47:26,Structural,Surface,Critical,Manual Testing,337.69
2024-04-06 11:48:20,Structural,Surface,Minor,Visual Inspection,306.76
2025-07-15 05:46:23,Functional,Internal,Minor,Manual Testing,694.03
2025-03-16 01:16:06,Structural,Surface,Minor,Visual Inspection,413.76
2025-12-16 00:24:29,Functional,Internal,Minor,Manual Testing,680.6
2024-03-02 00:41:04,Structural,Surface,Minor,Visual Inspection,248.93
2024-08-25 10:39:49,Structural,Surface,Critical,Manual Testing,324.46
2026-02-06 21:29:03,Structural,Surface,Minor,Visual Inspection,349.8
2024-01-08 01:46:53,Structural,Surface,Critical,Manual Testing,366.86
2025-01-27 02:22:30,Structural,Surface,Critical,Manual Testing,447.86
2024-09-10 11:22:26,Structural,Surface,Critical,Manual Testing,276.8
2026-04-07 21:47:19,Structural,Surface,Critical,Manual Testing,402.83
2026-04-07 21:44:25,Functional,Internal,Minor,Manual Testing,594.87
2026-02-18 10:17:26,Structural,Surface,Minor,Visual Inspection,289.19
2025-08-11 06:13:16,Structural,Surface,Minor,Visual Inspection,264.03
2024-06-18 13:31:11,Functional,Internal,Minor,Manual Testing,895.35
2026-03-21 07:04:27,Functional,Internal,Minor,Manual Testing,828.18
2025-06-13 11:04:29,Structural,Surface,Critical,Manual Testing,319.04
2024-12-17 06:26:04,Functional,Internal,Minor,Manual Testing,828.12
2025-08-29 23:04:26,Functional,Internal,Minor,Manual Testing,768.04
2026-03-08 14:52:12,Structural,Surface,Critical,Manual Testing,314.79
2024-04-28 22:03:41,Functional,Internal,Minor,Manual Testing,988.55
2024-09-01 02:18:53,Structural,Surface,Minor,Visual Inspection,205.72
2024-02-18 10:10:39,Functional,Internal,Minor,Manual Testing,576.98
2025-11-28 23:17:34,Functional,Internal,Minor,Manual Testing,1010.54
2024-01-06 04:49:55,Functional,Internal,Minor,Manual Testing,1054.82
2024-08-18 06:13:08,Structural,Surface,Critical,Manual Testing,310.63
2025-05-16 23:03:48,Functional,Internal,Minor,Manual Testing,930.22
2024-05-11 20:32:46,Functional,Internal,Minor,Manual Testing,898.78
2025-12-23 22:05:03,Functional,Internal,Minor,Manual Testing,882.57
2026-04-10 16:04:53,Structural,Surface,Critical,Manual Testing,318.44
2025-08-31 08:42:47,Functional,Internal,Minor,Manual Testing,953.76
2026-03-15 19:54:12,Functional,Internal,Minor,Manual Testing,952.17
2024-09-29 02:01:42,Functional,Internal,Minor,Manual Testing,937.36
2025-06-14 14:36:09,Structural,Surface,Minor,Visual Inspection,241.11
2024-10-07 05:12:29,Structural,Surface,Critical,Manual Testing,376.47
2024-03-30 10:21:30,Structural,Surface,Critical,Manual Testing,380.49
2026-01-14 20:42:18,Functional,Internal,Minor,Manual Testing,848.15
2025-05-24 21:16:18,Functional,Internal,Minor,Manual Testing,973.3
2025-12-11 15:19:48,Structural,Surface,Critical,Manual Testing,363.95
2025-02-21 18:04:40,Functional,Internal,Minor,Manual Testing,1017.15
2025-12-03 23:22:52,Functional,Internal,Minor,Manual Testing,651.92
2025-02-11 13:31:38,Functional,Internal,Minor,Manual Testing,844.44
2024-03-06 16:18:39,Functional,Internal,Minor,Manual Testing,693.91
2024-10-20 18:20:24,Structural,Surface,Minor,Visual Inspection,289.71
2026-05-30 20:36:58,Structural,Surface,Critical,Manual Testing,335.07
2025-12-20 19:12:31,Functional,Internal,Minor,Manual Testing,870.49
2026-02-23 05:40:14,Functional,Internal,Minor,Manual Testing,1082.98
2024-11-24 04:52:18,Structural,Surface,Critical,Manual Testing,262.32
2025-03-03 01:34:06,Functional,Internal,Minor,Manual Testing,824.04
2024-07-31 21:09:53,Structural,Surface,Minor,Visual Inspection,275.43
2025-10-01 03:59:14,Functional,Internal,Minor,Manual Testing,826.65
2024-11-01 03:40:10,Functional,Internal,Minor,Manual Testing,511.26
2025-05-19 06:58:47,Structural,Surface,Minor,Visual Inspection,256.46
2025-03-27 18:05:25,Structural,Surface,Minor,Visual Inspection,281.64
2024-09-13 16:40:34,Functional,Internal,Minor,Manual Testing,789.79
2024-03-07 00:16:34,Structural,Surface,Critical,Manual Testing,363.75
2025-12-08 06:35:34,Structural,Surface,Minor,Visual Inspection,382.18
2024-04-24 17:50:41,Structural,Surface,Critical,Manual Testing,454.84
2024-12-24 04:42:23,Functional,Internal,Minor,Manual Testing,865.41
2025-10-13 19:54:25,Structural,Surface,Minor,Visual Inspection,366.81
2025-01-28 12:18:53,Functional,Internal,Minor,Manual Testing,1055.26
2025-07-22 10:48:27,Functional,Internal,Minor,Manual Testing,1010.73
2026-02-12 13:16:12,Functional,Internal,Minor,Manual Testing,1006.23
2026-03-18 18:16:23,Structural,Surface,Critical,Manual Testing,447.75
2025-04-27 07:34:46,Structural,Surface,Minor,Visual Inspection,248.87
2024-02-09 04:22:37,Functional,Internal,Minor,Manual Testing,883.37
2026-05-22 20:42:05,Functional,Internal,Minor,Manual Testing,731.92
2026-01-10 08:39:10,Functional,Internal,Minor,Manual Testing,922.99
2026-04-27 09:19:49,Functional,Internal,Minor,Manual Testing,648.94
2026-03-07 18:35:29,Structural,Surface,Critical,Manual Testing,217.5
2025-05-16 06:31:33,Structural,Surface,Critical,Manual Testing,301.18
2025-05-21 22:39:26,Functional,Internal,Minor,Manual Testing,655.27
2024-06-08 08:46:45,Structural,Surface,Critical,Manual Testing,306.46
2025-10-31 01:06:03,Functional,Internal,Minor,Manual Testing,694.4
2024-10-15 04:24:25,Structural,Surface,Critical,Manual Testing,270.5
2026-06-26 22:22:45,Structural,Surface,Minor,Visual Inspection,259.45
2024-05-10 21:49:12,Functional,Internal,Minor,Manual Testing,1092.28
2024-09-20 00:42:36,Functional,Internal,Minor,Manual Testing,1095.73
2024-08-20 09:57:53,Structural,Surface,Critical,Manual Testing,378.11
2025-12-11 19:10:11,Structural,Surface,Critical,Manual Testing,349.99
2025-04-07 15:01:10,Structural,Surface,Minor,Visual Inspection,354.05
2024-05-30 06:53:28,Functional,Internal,Minor,Manual Testing,951.61
2024-08-07 19:39:43,Functional,Internal,Minor,Manual Testing,1065.64
2024-11-02 09:08:31,Structural,Surface,Minor,Visual Inspection,286.25
2025-03-24 05:37:48,Functional,Internal,Minor,Manual Testing,500.42
2025-01-28 06:30:58,Structural,Surface,Minor,Visual Inspection,267.01
2025-06-20 03:03:28,Structural,Internal,Minor,Manual Testing,571.94
2024-01-12 19:22:34,Structural,Surface,Critical,Manual Testing,422.54
2024-01-17 12:42:07,Structural,Surface,Minor,Visual Inspection,314.06
2026-03-11 14:03:58,Structural,Surface,Minor,Visual Inspection,373.91
2026-06-18 21:35:54,Functional,Internal,Minor,Manual Testing,720.8
2026-02-27 06:09:54,Structural,Surface,Critical,Manual Testing,348.8
2025-08-17 01:42:35,Functional,Internal,Minor,Manual Testing,885.45
2026-01-01 12:32:38,Functional,Internal,Minor,Manual Testing,861.43
2026-01-24 06:54:40,Structural,Surface,Critical,Manual Testing,378.73
2024-05-27 05:54:54,Functional,Internal,Minor,Manual Testing,856.58
2026-06-23 01:29:33,Functional,Internal,Minor,Manual Testing,810.17
2025-01-29 23:18:59,Structural,Surface,Minor,Visual Inspection,387.58
2024-08-14 13:58:23,Functional,Internal,Minor,Manual Testing,819.33
2024-06-18 21:04:01,Structural,Surface,Minor,Visual Inspection,325.67
2026-03-10 08:09:33,Functional,Internal,Minor,Manual Testing,961.2
2024-05-12 22:08:28,Structural,Surface,Critical,Manual Testing,382.5
2024-05-14 00:25:49,Structural,Surface,Critical,Manual Testing,331.62
2025-12-06 18:53:52,Structural,Surface,Minor,Visual Inspection,314.4
2026-01-10 10:57:39,Structural,Surface,Minor,Visual Inspection,325.29
2026-02-05 07:36:31,Functional,Internal,Minor,Manual Testing,776.71
2025-08-29 04:27:51,Structural,Surface,Minor,Visual Inspection,244.38
2025-12-13 10:05:24,Functional,Internal,Minor,Manual Testing,922.62
2026-01-24 00:23:59,Structural,Surface,Minor,Visual Inspection,402.46
2025-04-27 02:52:18,Structural,Surface,Minor,Visual Inspection,423.33
2025-01-19 21:44:36,Functional,Internal,Major,Manual Testing,1107.83
2025-08-29 16:48:26,Structural,Surface,Critical,Manual Testing,370.44
2025-08-23 20:48:14,Structural,Surface,Minor,Visual Inspection,352.8
2025-04-18 00:43:12,Functional,Internal,Minor,Manual Testing,543.71
2025-10-07 11:57:09,Structural,Surface,Minor,Visual Inspection,277.29
2026-01-13 18:27:38,Structural,Surface,Minor,Visual Inspection,390.15
2025-02-04 02:36:01,Structural,Surface,Critical,Manual Testing,381.89
2025-05-26 04:17:29,Functional,Internal,Minor,Manual Testing,885.22
2025-07-31 14:44:26,Functional,Internal,Minor,Manual Testing,994.56
2025-11-16 10:09:31,Structural,Surface,Critical,Manual Testing,303.23
2024-08-13 11:43:35,Structural,Surface,Critical,Manual Testing,318.25
2025-07-07 01:23:00,Structural,Surface,Critical,Manual Testing,280.52
2026-06-21 11:10:11,Structural,Surface,Critical,Manual Testing,244.97
2024-11-16 13:17:38,Structural,Surface,Critical,Manual Testing,399.06
2026-01-06 18:13:06,Structural,Surface,Critical,Manual Testing,379.51
2024-05-02 06:13:34,Structural,Surface,Critical,Manual Testing,383.66
2024-04-23 18:06:06,Structural,Surface,Critical,Manual Testing,308.63
2024-10-13 16:07:04,Structural,Surface,Minor,Visual Inspection,355.56
2025-07-30 20:22:11,Structural,Surface,Minor,Visual Inspection,385.26
2025-08-27 08:10:24,Structural,Surface,Minor,Visual Inspection,345.29
2025-07-11 12:49:47,Cosmetic,Internal,Minor,Manual Testing,758.42
2024-10-12 19:40:12,Structural,Surface,Critical,Manual Testing,239.88
2025-11-10 09:55:37,Structural,Surface,Critical,Manual Testing,335.16
2025-10-29 18:40:34,Structural,Surface,Critical,Manual Testing,272.82
2026-04-23 15:47:26,Structural,Surface,Minor,Visual Inspection,311.68
2026-01-08 21:53:40,Structural,Surface,Minor,Visual Inspection,364.04
2024-09-01 01:46:52,Structural,Surface,Minor,Visual Inspection,194.82
2025-06-11 03:35:24,Structural,Surface,Minor,Visual Inspection,358.65
2026-03-10 21:33:08,Structural,Surface,Critical,Manual Testing,338.01
2024-06-29 02:17:23,Structural,Surface,Minor,Visual Inspection,286.02
2024-12-02 09:10:35,Structural,Surface,Critical,Manual Testing,365.45
2026-03-18 04:06:12,Functional,Internal,Minor,Manual Testing,965.95
2025-07-18 00:07:29,Structural,Surface,Critical,Manual Testing,279.9
2026-05-02 14:30:32,Functional,Internal,Minor,Manual Testing,774.24
2024-05-28 02:42:12,Functional,Internal,Minor,Manual Testing,965.73
2025-08-25 12:38:44,Structural,Surface,Minor,Visual Inspection,320.53
2024-12-10 04:27:47,Structural,Surface,Minor,Visual Inspection,265.05
2025-02-10 11:19:10,Structural,Surface,Critical,Manual Testing,344.72
2024-07-01 02:15:03,Structural,Surface,Critical,Manual Testing,310.97
2025-08-27 14:28:07,Structural,Surface,Minor,Visual Inspection,342.64
2026-05-04 10:26:05,Structural,Surface,Critical,Manual Testing,435.67
2026-02-28 23:59:40,Structural,Surface,Minor,Visual Inspection,412.4
2025-06-05 06:34:10,Structural,Surface,Minor,Visual Inspection,352.1
2025-03-08 20:00:43,Structural,Surface,Minor,Visual Inspection,290.77
2026-05-01 03:03:24,Structural,Surface,Minor,Visual Inspection,373.68
2026-01-12 02:54:00,Structural,Surface,Minor,Visual Inspection,267.74
2025-09-11 09:56:02,Structural,Surface,Critical,Manual Testing,337.26
2025-09-18 01:24:42,Structural,Surface,Minor,Visual Inspection,336.59
2024-06-21 19:31:55,Structural,Surface,Minor,Visual Inspection,316.95
2024-02-14 20:35:54,Structural,Surface,Critical,Manual Testing,235.62
2024-02-09 02:46:09,Functional,Internal,Minor,Manual Testing,810.57
2025-10-22 08:43:39,Functional,Internal,Minor,Manual Testing,660.44
2025-11-27 18:18:11,Structural,Surface,Critical,Manual Testing,393.71
2024-09-25 22:01:50,Functional,Internal,Minor,Manual Testing,800.88
2024-02-22 07:56:13,Functional,Internal,Minor,Manual Testing,847.76
2024-09-30 13:53:42,Functional,Internal,Minor,Manual Testing,626.66
2024-08-21 06:15:29,Structural,Surface,Critical,Manual Testing,226.63
2024-11-01 11:59:20,Structural,Surface,Critical,Manual Testing,450.8
2025-10-04 00:43:11,Structural,Surface,Critical,Visual Inspection,220.11
2024-08-25 23:08:11,Functional,Internal,Minor,Manual Testing,724.09
2026-01-22 05:07:36,Structural,Surface,Critical,Manual Testing,412.39
2024-03-12 16:32:36,Structural,Surface,Critical,Manual Testing,385.62
2026-01-30 23:41:17,Structural,Surface,Minor,Visual Inspection,324.39
2024-10-30 14:35:47,Structural,Surface,Minor,Visual Inspection,318.38
2025-04-16 12:33:49,Structural,Surface,Critical,Manual Testing,274.22
2025-09-26 19:18:56,Functional,Internal,Minor,Manual Testing,633.78
2025-09-14 10:03:44,Functional,Internal,Minor,Manual Testing,833.93
2026-06-17 12:31:05,Structural,Surface,Critical,Manual Testing,394.98
2025-09-15 18:09:28,Functional,Internal,Minor,Manual Testing,670.28
2026-01-05 11:53:39,Structural,Surface,Minor,Visual Inspection,408.96
2026-06-16 22:45:31,Structural,Surface,Critical,Manual Testing,194.57
2024-04-19 02:33:27,Structural,Surface,Minor,Visual Inspection,246.02
2024-01-24 00:32:53,Functional,Internal,Minor,Manual Testing,688.64
2025-11-07 08:07:38,Structural,Surface,Critical,Manual Testing,375.04
2024-12-23 17:43:07,Structural,Surface,Critical,Manual Testing,337.18
2025-09-19 09:22:38,Structural,Surface,Minor,Visual Inspection,236.68
2026-01-30 10:39:30,Structural,Surface,Minor,Visual Inspection,344.81
2026-06-07 03:56:23,Functional,Internal,Minor,Manual Testing,841.74
2025-07-08 19:35:36,Functional,Internal,Minor,Manual Testing,835.89
2025-12-14 15:27:49,Structural,Surface,Critical,Manual Testing,378.45
2026-05-02 18:14:56,Structural,Surface,Critical,Manual Testing,334.62
2024-03-20 08:54:18,Structural,Surface,Critical,Manual Testing,422.93
2026-06-13 09:28:18,Functional,Internal,Minor,Manual Testing,717.64
2024-09-20 10:45:00,Structural,Surface,Critical,Manual Testing,351.65
2025-08-15 16:21:19,Structural,Surface,Critical,Manual Testing,311.01
2024-08-21 06:06:13,Functional,Internal,Minor,Manual Testing,893.35
2024-04-18 20:40:34,Functional,Internal,Minor,Manual Testing,881.95
2026-04-13 20:37:44,Structural,Surface,Minor,Visual Inspection,328.08
2024-05-04 12:27:10,Structural,Surface,Minor,Visual Inspection,275.64
2025-12-19 11:20:01,Structural,Surface,Critical,Manual Testing,271.42
2024-02-06 07:42:25,Structural,Surface,Critical,Manual Testing,320.78
2025-08-06 08:49:03,Functional,Internal,Minor,Manual Testing,985.7
2025-05-01 18:52:14,Functional,Internal,Minor,Manual Testing,810.22
2025-10-18 21:17:16,Functional,Internal,Minor,Manual Testing,537.32
2025-10-12 18:02:37,Functional,Internal,Minor,Manual Testing,1125.18
2025-11-05 03:15:45,Functional,Internal,Minor,Manual Testing,761.26
2026-06-18 15:25:32,Functional,Internal,Minor,Manual Testing,693.5
2024-06-17 17:32:43,Structural,Surface,Minor,Visual Inspection,286.75
2026-04-21 01:35:41,Structural,Surface,Minor,Visual Inspection,248.94
2025-09-22 11:47:35,Functional,Internal,Minor,Manual Testing,762.31
2026-02-03 21:53:49,Structural,Surface,Minor,Visual Inspection,327.46
2026-03-18 15:00:59,Functional,Internal,Minor,Manual Testing,692.37
2024-12-05 22:33:47,Structural,Surface,Minor,Visual Inspection,232.4
2025-05-26 12:14:01,Structural,Surface,Minor,Visual Inspection,351.85
2024-03-14 02:06:08,Structural,Surface,Minor,Visual Inspection,309.7
2024-05-05 22:25:26,Structural,Surface,Critical,Manual Testing,401.82
2024-06-01 15:07:57,Functional,Internal,Minor,Manual Testing,800.4
2025-08-21 13:31:38,Functional,Internal,Minor,Manual Testing,1029.79
2026-05-03 00:42:54,Structural,Surface,Minor,Visual Inspection,314.95
2024-09-23 02:45:56,Structural,Surface,Critical,Manual Testing,354.33
2025-07-29 17:22:03,Functional,Internal,Minor,Manual Testing,840.36
2026-01-15 21:35:51,Structural,Internal,Critical,Manual Testing,245.42
2024-10-01 02:42:13,Structural,Surface,Minor,Visual Inspection,152.08
2026-02-25 17:31:49,Structural,Surface,Minor,Visual Inspection,270.91
2025-01-05 00:43:19,Structural,Surface,Critical,Manual Testing,378.83
2025-09-05 12:23:56,Functional,Internal,Minor,Manual Testing,852.53
2025-08-23 19:40:07,Functional,Internal,Minor,Manual Testing,636.76
2025-06-15 16:44:09,Structural,Surface,Minor,Visual Inspection,202.19
2025-06-24 10:16:39,Structural,Surface,Minor,Visual Inspection,249.15
2024-03-03 22:44:44,Structural,Surface,Minor,Visual Inspection,248.35
2026-06-20 14:12:22,Functional,Internal,Minor,Manual Testing,733.45
2025-08-10 21:55:19,Structural,Surface,Critical,Manual Testing,337.77
2025-02-11 02:35:47,Structural,Surface,Minor,Visual Inspection,358.47
2026-05-19 02:58:25,Functional,Internal,Minor,Manual Testing,860.19
2024-06-10 08:53:22,Structural,Surface,Critical,Manual Testing,366.4
2024-05-21 23:44:43,Structural,Surface,Critical,Manual Testing,336.15
2025-03-19 16:34:42,Functional,Internal,Minor,Manual Testing,1116.05
2024-06-11 04:36:43,Structural,Surface,Critical,Manual Testing,362.63
2024-09-28 09:31:14,Functional,Internal,Minor,Manual Testing,966.32
2025-01-04 01:29:07,Structural,Surface,Minor,Visual Inspection,356.07
2025-07-31 11:48:02,Functional,Internal,Minor,Manual Testing,720.7
2024-12-22 20:13:39,Functional,Internal,Minor,Manual Testing,747.59
2025-11-18 02:24:04,Structural,Surface,Critical,Manual Testing,379.14
2025-03-04 06:38:30,Structural,Surface,Critical,Manual Testing,208.07
2024-12-06 05:36:03,Structural,Surface,Minor,Visual Inspection,321.31
2024-12-16 07:43:17,Structural,Surface,Minor,Visual Inspection,373.11
2024-02-01 12:04:24,Structural,Surface,Critical,Manual Testing,410.36
2024-08-02 00:54:06,Structural,Surface,Critical,Manual Testing,411.3
2025-01-09 07:17:14,Structural,Surface,Critical,Manual Testing,340.93
2026-04-20 03:01:51,Functional,Internal,Minor,Manual Testing,815.77
2025-07-03 23:21:30,Structural,Surface,Critical,Manual Testing,310.37
2024-01-29 23:29:31,Functional,Internal,Minor,Manual Testing,919.93
2024-11-19 02:10:02,Structural,Surface,Critical,Manual Testing,329.97
2024-09-23 12:24:35,Functional,Internal,Critical,Manual Testing,1035.82
2025-02-18 05:22:01,Functional,Internal,Minor,Manual Testing,721.16
2026-01-21 06:43:35,Structural,Surface,Critical,Manual Testing,392.64
2024-09-24 09:03:03,Functional,Internal,Minor,Manual Testing,515.58
2024-09-30 19:09:50,Structural,Surface,Critical,Manual Testing,450.8
2026-06-16 11:01:49,Structural,Surface,Minor,Visual Inspection,329.53
2024-12-09 11:37:23,Structural,Surface,Critical,Manual Testing,407.04
2026-03-08 11:45:55,Structural,Surface,Minor,Visual Inspection,331.74
2026-05-06 18:03:34,Functional,Internal,Minor,Manual Testing,793.06
2024-05-10 16:42:28,Structural,Surface,Critical,Manual Testing,316.4
2025-05-29 22:16:21,Structural,Surface,Critical,Manual Testing,248.47
2025-05-08 03:20:20,Structural,Surface,Critical,Manual Testing,406.49
2024-02-08 17:06:09,Functional,Internal,Minor,Manual Testing,1047.76
2025-11-19 06:57:49,Structural,Surface,Minor,Visual Inspection,325.54
2025-03-12 11:16:04,Structural,Surface,Minor,Visual Inspection,297.41
2024-08-12 22:09:14,Functional,Internal,Minor,Manual Testing,450.77
2024-11-01 07:31:25,Structural,Surface,Minor,Visual Inspection,306.81
2024-05-20 10:11:33,Structural,Surface,Minor,Visual Inspection,431.78
2025-03-04 05:21:56,Functional,Internal,Minor,Manual Testing,524.92
2025-11-16 17:53:54,Functional,Internal,Minor,Manual Testing,1032.23
2025-03-13 15:54:14,Functional,Internal,Minor,Manual Testing,847.53
2025-04-09 20:35:12,Functional,Internal,Minor,Manual Testing,863.03
2024-06-21 05:48:48,Functional,Internal,Minor,Manual Testing,878.37
2025-12-27 04:58:42,Functional,Internal,Minor,Manual Testing,994.36
2025-08-16 20:41:27,Structural,Surface,Critical,Manual Testing,426.63
2026-06-14 23:06:34,Structural,Surface,Minor,Visual Inspection,319.26
2025-09-02 03:03:34,Structural,Surface,Major,Automated Testing,277.61
2026-05-20 01:24:44,Structural,Surface,Minor,Visual Inspection,382.02
2024-09-07 02:45:07,Structural,Surface,Minor,Visual Inspection,286.53
2025-02-01 00:17:31,Structural,Surface,Minor,Visual Inspection,372.83
2025-06-06 00:39:10,Structural,Surface,Critical,Manual Testing,284.88
2024-02-14 07:27:13,Structural,Surface,Critical,Manual Testing,411.37
2024-05-07 20:13:53,Structural,Surface,Minor,Visual Inspection,332.1
2026-03-11 06:51:52,Structural,Surface,Critical,Manual Testing,376.77
2024-02-06 02:33:32,Structural,Surface,Minor,Visual Inspection,344.3
2026-03-28 04:37:49,Structural,Surface,Minor,Visual Inspection,347.51
2024-06-07 11:06:04,Structural,Surface,Critical,Manual Testing,313.21
2024-08-08 12:35:22,Structural,Surface,Critical,Manual Testing,292.1
2025-02-26 14:37:46,Functional,Internal,Minor,Manual Testing,801.46
2024-07-13 23:16:04,Functional,Internal,Minor,Manual Testing,878.56
2026-01-01 15:11:12,Structural,Surface,Critical,Manual Testing,404.0
2025-01-29 18:43:46,Functional,Internal,Minor,Manual Testing,944.04
2025-08-13 20:06:44,Structural,Surface,Critical,Manual Testing,298.65
2025-09-14 09:34:17,Structural,Surface,Critical,Manual Testing,443.65
2026-01-24 08:40:52,Structural,Surface,Minor,Visual Inspection,214.42
2025-10-08 09:36:54,Structural,Surface,Critical,Manual Testing,253.12
2024-03-22 06:38:56,Structural,Surface,Critical,Manual Testing,334.28
2024-10-04 19:43:21,Structural,Surface,Minor,Visual Inspection,389.56
2025-07-17 08:20:37,Functional,Internal,Minor,Manual Testing,708.05
2024-08-05 02:25:06,Structural,Surface,Minor,Visual Inspection,230.26
2024-08-21 17:24:40,Functional,Internal,Major,Manual Testing,844.6
2025-03-11 13:22:28,Structural,Surface,Minor,Visual Inspection,268.7
2025-05-14 15:01:45,Functional,Internal,Minor,Manual Testing,989.84
2024-07-03 00:47:56,Functional,Internal,Minor,Manual Testing,534.94
2024-11-22 01:35:40,Structural,Surface,Critical,Manual Testing,383.96
2025-12-01 12:13:16,Structural,Surface,Critical,Manual Testing,392.2
2025-02-26 19:47:02,Structural,Surface,Critical,Manual Testing,319.08
2024-10-04 20:09:37,Structural,Surface,Minor,Visual Inspection,272.16
2024-08-15 13:23:27,Structural,Surface,Minor,Visual Inspection,371.37
2025-12-02 17:16:23,Structural,Surface,Critical,Manual Testing,306.67
2025-11-17 01:39:26,Structural,Surface,Minor,Visual Inspection,409.63
2024-10-28 15:47:25,Functional,Internal,Minor,Manual Testing,1076.51
2024-04-10 00:02:25,Structural,Surface,Minor,Visual Inspection,420.55
2025-10-18 23:00:59,Structural,Surface,Critical,Manual Testing,281.98
2026-06-19 22:27:46,Structural,Surface,Minor,Visual Inspection,304.81
2025-03-12 10:55:31,Functional,Internal,Minor,Manual Testing,972.37
2024-09-01 09:00:03,Functional,Internal,Minor,Manual Testing,801.5
2025-09-13 12:34:53,Structural,Surface,Minor,Visual Inspection,329.13
2025-08-31 00:50:23,Structural,Surface,Critical,Manual Testing,328.22
2025-11-28 00:06:38,Functional,Internal,Minor,Manual Testing,969.55
2025-09-13 09:42:07,Structural,Surface,Critical,Manual Testing,352.18
2025-07-17 20:00:50,Functional,Internal,Minor,Manual Testing,345.03
2024-09-11 06:59:18,Functional,Internal,Minor,Manual Testing,778.56
2026-05-02 19:56:20,Structural,Surface,Critical,Manual Testing,296.14
2025-10-02 12:13:09,Structural,Surface,Minor,Visual Inspection,242.95
2024-08-28 11:44:46,Structural,Surface,Minor,Visual Inspection,355.53
2026-04-04 09:13:07,Structural,Surface,Minor,Visual Inspection,358.38
2025-12-30 02:28:53,Structural,Surface,Minor,Visual Inspection,308.3
2026-06-26 05:27:56,Functional,Internal,Minor,Manual Testing,982.43
2024-07-24 10:46:04,Functional,Internal,Minor,Manual Testing,471.71
2025-10-21 09:42:41,Functional,Internal,Minor,Manual Testing,960.55
2024-10-03 18:15:13,Structural,Surface,Minor,Visual Inspection,209.31
2025-09-18 17:08:14,Structural,Surface,Critical,Manual Testing,313.23
2025-06-25 13:49:15,Functional,Internal,Minor,Manual Testing,731.44
2026-01-06 04:46:45,Structural,Surface,Minor,Visual Inspection,265.54
2025-10-29 00:42:23,Functional,Internal,Minor,Manual Testing,1025.98
2024-02-27 07:34:35,Structural,Surface,Minor,Visual Inspection,278.46
2024-08-01 16:40:12,Structural,Surface,Minor,Visual Inspection,323.27
2024-06-09 04:11:34,Structural,Surface,Critical,Manual Testing,306.16
2025-04-11 12:53:02,Functional,Internal,Minor,Manual Testing,931.94
2024-10-13 05:07:28,Structural,Surface,Critical,Manual Testing,403.04
2024-03-01 00:08:22,Functional,Internal,Minor,Manual Testing,822.12
2025-01-25 19:31:02,Structural,Surface,Minor,Visual Inspection,298.43
2024-03-23 12:35:44,Functional,Internal,Minor,Manual Testing,823.78
2026-04-24 02:37:28,Functional,Internal,Minor,Manual Testing,607.04
2025-01-26 16:54:51,Structural,Surface,Minor,Visual Inspection,299.45
2025-11-03 14:56:25,Functional,Internal,Minor,Manual Testing,672.67
2025-10-12 22:18:03,Structural,Surface,Critical,Manual Testing,258.41
2025-02-16 03:26:52,Structural,Surface,Minor,Visual Inspection,308.92
2026-02-17 18:01:15,Structural,Surface,Minor,Visual Inspection,282.36
2024-06-06 03:59:33,Structural,Surface,Critical,Manual Testing,387.15
2024-05-27 01:43:55,Functional,Internal,Minor,Manual Testing,775.49
2025-08-09 22:03:33,Structural,Surface,Critical,Manual Testing,312.47
2025-04-08 18:50:48,Structural,Surface,Minor,Visual Inspection,341.87
2026-05-16 05:29:32,Structural,Surface,Critical,Manual Testing,408.93
2024-10-16 22:21:30,Functional,Internal,Minor,Manual Testing,601.73
2025-09-23 08:36:21,Structural,Surface,Minor,Visual Inspection,285.27
2024-05-14 11:23:47,Structural,Surface,Critical,Manual Testing,279.75
2025-02-24 16:20:59,Structural,Surface,Critical,Manual Testing,306.87
2024-01-23 03:16:24,Structural,Surface,Minor,Visual Inspection,183.35
2024-10-15 17:55:44,Functional,Internal,Minor,Manual Testing,942.26
2026-05-29 06:22:34,Structural,Surface,Minor,Visual Inspection,386.85
2024-03-02 11:24:59,Structural,Surface,Minor,Visual Inspection,261.27
2026-01-16 19:44:28,Functional,Internal,Minor,Manual Testing,904.6
2025-02-17 05:34:07,Functional,Internal,Minor,Manual Testing,822.94
2025-09-04 16:03:35,Structural,Surface,Critical,Manual Testing,392.35
2025-12-06 21:12:51,Structural,Surface,Minor,Visual Inspection,234.9
2025-08-06 19:26:44,Functional,Internal,Minor,Manual Testing,717.76
2025-04-14 15:11:27,Structural,Surface,Critical,Manual Testing,264.91
2025-10-18 13:50:15,Structural,Surface,Minor,Visual Inspection,326.73
2026-05-07 02:16:25,Structural,Surface,Critical,Manual Testing,402.97
2024-05-15 12:11:08,Structural,Surface,Critical,Manual Testing,404.42
2025-08-24 03:34:26,Functional,Internal,Minor,Manual Testing,1056.6
2025-07-31 16:47:04,Functional,Internal,Minor,Manual Testing,619.97
2025-09-30 14:10:59,Functional,Internal,Minor,Manual Testing,814.77
2025-02-28 00:20:21,Functional,Internal,Minor,Manual Testing,1003.89
2025-04-02 15:44:21,Structural,Surface,Minor,Visual Inspection,202.87
2025-12-07 20:10:26,Functional,Internal,Minor,Manual Testing,593.9
2026-02-26 23:40:45,Structural,Surface,Minor,Visual Inspection,343.14
2026-02-28 16:11:47,Functional,Internal,Minor,Manual Testing,756.36
2024-12-11 14:12:54,Functional,Internal,Minor,Manual Testing,725.52
2025-01-04 10:15:07,Structural,Surface,Minor,Visual Inspection,216.56
2026-04-27 07:41:32,Functional,Internal,Minor,Manual Testing,865.44
2025-04-09 12:12:49,Structural,Surface,Minor,Visual Inspection,262.54
2026-04-30 18:34:10,Functional,Internal,Minor,Manual Testing,757.41
2025-03-03 07:18:47,Structural,Surface,Critical,Manual Testing,341.72
2024-04-07 15:48:32,Structural,Surface,Minor,Visual Inspection,341.79
2024-11-05 10:37:10,Cosmetic,Internal,Critical,Visual Inspection,599.16
2025-06-27 01:00:18,Functional,Internal,Minor,Manual Testing,842.89
2025-10-25 18:17:31,Structural,Surface,Minor,Visual Inspection,328.63
2026-02-16 06:57:28,Functional,Internal,Minor,Manual Testing,805.29
2026-05-28 11:09:53,Structural,Surface,Critical,Manual Testing,347.69
2025-08-15 06:46:19,Structural,Surface,Minor,Visual Inspection,407.34
2025-05-01 07:58:37,Structural,Surface,Critical,Manual Testing,308.14
2024-10-06 12:50:42,Structural,Surface,Minor,Visual Inspection,260.91
2025-08-23 20:19:38,Structural,Surface,Critical,Manual Testing,389.23
2025-10-08 09:34:17,Functional,Internal,Minor,Manual Testing,923.03
2024-07-13 15:16:09,Functional,Internal,Minor,Manual Testing,748.19
2026-05-08 17:17:53,Structural,Surface,Minor,Visual Inspection,315.59
2025-06-02 15:19:40,Structural,Surface,Minor,Visual Inspection,265.86
2026-01-16 13:49:09,Structural,Surface,Critical,Manual Testing,464.52
2024-05-14 07:57:23,Structural,Surface,Critical,Manual Testing,313.27
2024-10-30 03:25:39,Cosmetic,Internal,Minor,Manual Testing,590.12
2024-12-28 21:42:57,Structural,Surface,Critical,Manual Testing,404.72
2025-05-31 04:50:47,Structural,Surface,Critical,Manual Testing,299.08
2026-06-19 06:17:18,Structural,Surface,Critical,Manual Testing,290.06
2025-04-15 13:47:42,Functional,Internal,Minor,Manual Testing,803.18
2026-03-28 06:27:01,Functional,Internal,Minor,Manual Testing,849.88
2026-05-06 04:54:42,Structural,Surface,Critical,Manual Testing,263.02
2026-06-29 06:58:21,Structural,Surface,Minor,Visual Inspection,442.81
2026-03-29 12:51:04,Functional,Internal,Minor,Manual Testing,748.61
2024-05-18 08:05:14,Structural,Surface,Critical,Manual Testing,252.14
2025-08-14 10:33:02,Structural,Surface,Critical,Manual Testing,378.56
2025-02-25 10:54:36,Functional,Surface,Critical,Manual Testing,323.13
2025-04-18 11:56:12,Functional,Internal,Minor,Manual Testing,1041.48
2024-05-13 04:11:45,Functional,Internal,Minor,Manual Testing,726.79
